std,num_of_clusters,cluster_sizes,entropy
0.1965054285250934,2,"[379, 621]",-1.9065981692651706
